{
    "aapl_mas_profit": 122.69979999999981,
    "aapl_mas_returns": 136.91118054005779,
    "aapl_mr_profit": 185.52220000000017,
    "aapl_mr_returns": 207.42643112701273,
    "aapl_bbs_profit": -594.9659,
    "aapl_bbs_returns": -577.3005045604502,
    "adbe_mas_profit": -141.6959000000001,
    "adbe_mas_returns": -196.79986111111126,
    "adbe_mr_profit": 517.7415999999998,
    "adbe_mr_returns": 701.4518357946075,
    "adbe_bbs_profit": -78.18499999999999,
    "adbe_bbs_returns": -115.82962962962962,
    "goog_mas_profit": -59.61009999999874,
    "goog_mas_returns": -10.742494143088619,
    "goog_mr_profit": 1476.8300000000008,
    "goog_mr_returns": 271.9059542659353,
    "goog_bbs_profit": 137.66999999999962,
    "goog_bbs_returns": 25.762083871329857,
    "tsla_mas_profit": 230.98680000000013,
    "tsla_mas_returns": 1327.5103448275872,
    "tsla_mr_profit": 299.0295,
    "tsla_mr_returns": 1712.6546391752577,
    "tsla_bbs_profit": 86.75450000000012,
    "tsla_bbs_returns": 478.2497243660425,
    "amzn_mas_profit": -542.1509999999976,
    "amzn_mas_returns": -765.6418584945594,
    "amzn_mr_profit": 2294.956400000001,
    "amzn_mr_returns": 2699.948705882354,
    "amzn_bbs_profit": -1489.030999999999,
    "amzn_bbs_returns": -1886.281986318722,
    "dis_mas_profit": 24.30000000000014,
    "dis_mas_returns": 99.9588646647476,
    "dis_mr_profit": 23.492499999999893,
    "dis_mr_returns": 99.41811256876807,
    "dis_bbs_profit": 79.88999999999997,
    "dis_bbs_returns": 318.7948922585793,
    "msft_mas_profit": -73.26920000000018,
    "msft_mas_returns": -81.75541173845143,
    "msft_mr_profit": 137.72529999999998,
    "msft_mr_returns": 154.97389445257113,
    "msft_bbs_profit": 106.85199999999995,
    "msft_bbs_returns": 108.27034147330019,
    "nflx_mas_profit": 4.306400000000252,
    "nflx_mas_returns": 27.25569620253324,
    "nflx_mr_profit": 33.74539999999962,
    "nflx_mr_returns": 220.55816993463804,
    "nflx_bbs_profit": -353.03440000000006,
    "nflx_bbs_returns": -2133.1383685800606,
    "wmt_mas_profit": -75.36499999999982,
    "wmt_mas_returns": -129.9396551724135,
    "wmt_mr_profit": 151.09500000000003,
    "wmt_mr_returns": 266.24669603524234,
    "wmt_bbs_profit": -3.189999999999955,
    "wmt_bbs_returns": -5.124497991967799,
    "gm_mas_profit": 33.25000000000003,
    "gm_mas_returns": 98.37278106508886,
    "gm_mr_profit": -29.520000000000024,
    "gm_mr_returns": -87.49259039715479,
    "gm_bbs_profit": -29.46000000000004,
    "gm_bbs_returns": -123.83354350567481,
    "most profitable ticker": "amzn",
    "most profitable strategy": "mean reversion",
    "most profit": 2294.956400000001
}